,ID Produto,Data atualização,Quantidade
0,1,1/JAN/2019,432
1,2,1/JAN/2019,412
2,3,1/JAN/2019,417
3,4,1/JAN/2019,438
4,5,1/JAN/2019,416
5,6,1/JAN/2019,437
6,7,1/JAN/2019,428
7,8,1/JAN/2019,426
8,9,1/JAN/2019,414
9,10,1/JAN/2019,436
10,11,1/JAN/2019,437
11,12,1/JAN/2019,449
12,13,1/JAN/2019,430
13,14,1/JAN/2019,410
14,15,1/JAN/2019,417
15,16,1/JAN/2019,415
16,17,1/JAN/2019,407
17,18,1/JAN/2019,411
18,19,1/JAN/2019,406
19,20,1/JAN/2019,414
20,21,1/JAN/2019,435
21,22,1/JAN/2019,414
22,23,1/JAN/2019,403
23,24,1/JAN/2019,406
24,25,1/JAN/2019,400
25,26,1/JAN/2019,441
26,27,1/JAN/2019,421
27,28,1/JAN/2019,441
28,29,1/JAN/2019,424
29,30,1/JAN/2019,450
30,31,1/JAN/2019,422
31,32,1/JAN/2019,415
32,33,1/JAN/2019,440
33,34,1/JAN/2019,416
34,35,1/JAN/2019,401
35,36,1/JAN/2019,440
36,37,1/JAN/2019,444
37,38,1/JAN/2019,401
38,39,1/JAN/2019,447
39,40,1/JAN/2019,405
40,41,1/JAN/2019,439
41,42,1/JAN/2019,446
42,43,1/JAN/2019,437
43,44,1/JAN/2019,440
44,45,1/JAN/2019,400
45,46,1/JAN/2019,433
46,47,1/JAN/2019,411
47,48,1/JAN/2019,438
48,49,1/JAN/2019,402
49,50,1/JAN/2019,432
50,51,1/JAN/2019,423
51,52,1/JAN/2019,401
52,53,1/JAN/2019,442
53,54,1/JAN/2019,438
54,55,1/JAN/2019,407
55,56,1/JAN/2019,443
56,57,1/JAN/2019,442
57,58,1/JAN/2019,422
58,59,1/JAN/2019,405
59,60,1/JAN/2019,443
60,61,1/JAN/2019,412
61,62,1/JAN/2019,422
62,63,1/JAN/2019,406
63,64,1/JAN/2019,432
64,65,1/JAN/2019,406
65,66,1/JAN/2019,445
66,1,1/FEV/2019,402
67,2,1/FEV/2019,414
68,3,1/FEV/2019,445
69,4,1/FEV/2019,435
70,5,1/FEV/2019,418
71,6,1/FEV/2019,422
72,7,1/FEV/2019,418
73,8,1/FEV/2019,405
74,9,1/FEV/2019,401
75,10,1/FEV/2019,449
76,11,1/FEV/2019,433
77,12,1/FEV/2019,445
78,13,1/FEV/2019,421
79,14,1/FEV/2019,450
80,15,1/FEV/2019,442
81,16,1/FEV/2019,433
82,17,1/FEV/2019,421
83,18,1/FEV/2019,438
84,19,1/FEV/2019,432
85,20,1/FEV/2019,405
86,21,1/FEV/2019,438
87,22,1/FEV/2019,440
88,23,1/FEV/2019,448
89,24,1/FEV/2019,424
90,25,1/FEV/2019,439
91,26,1/FEV/2019,429
92,27,1/FEV/2019,416
93,28,1/FEV/2019,418
94,29,1/FEV/2019,432
95,30,1/FEV/2019,407
96,31,1/FEV/2019,410
97,32,1/FEV/2019,444
98,33,1/FEV/2019,441
99,34,1/FEV/2019,427
100,35,1/FEV/2019,400
101,36,1/FEV/2019,444
102,37,1/FEV/2019,400
103,38,1/FEV/2019,407
104,39,1/FEV/2019,409
105,40,1/FEV/2019,450
106,41,1/FEV/2019,435
107,42,1/FEV/2019,449
108,43,1/FEV/2019,429
109,44,1/FEV/2019,400
110,45,1/FEV/2019,411
111,46,1/FEV/2019,433
112,47,1/FEV/2019,409
113,48,1/FEV/2019,444
114,49,1/FEV/2019,406
115,50,1/FEV/2019,443
116,51,1/FEV/2019,439
117,52,1/FEV/2019,420
118,53,1/FEV/2019,446
119,54,1/FEV/2019,448
120,55,1/FEV/2019,416
121,56,1/FEV/2019,416
122,57,1/FEV/2019,409
123,58,1/FEV/2019,438
124,59,1/FEV/2019,441
125,60,1/FEV/2019,450
126,61,1/FEV/2019,429
127,62,1/FEV/2019,404
128,63,1/FEV/2019,410
129,64,1/FEV/2019,409
130,65,1/FEV/2019,407
131,66,1/FEV/2019,445
132,1,1/MAR/2019,425
133,2,1/MAR/2019,439
134,3,1/MAR/2019,424
135,4,1/MAR/2019,403
136,5,1/MAR/2019,431
137,6,1/MAR/2019,437
138,7,1/MAR/2019,450
139,8,1/MAR/2019,417
140,9,1/MAR/2019,406
141,10,1/MAR/2019,412
142,11,1/MAR/2019,442
143,12,1/MAR/2019,426
144,13,1/MAR/2019,411
145,14,1/MAR/2019,433
146,15,1/MAR/2019,431
147,16,1/MAR/2019,424
148,17,1/MAR/2019,436
149,18,1/MAR/2019,445
150,19,1/MAR/2019,447
151,20,1/MAR/2019,423
152,21,1/MAR/2019,429
153,22,1/MAR/2019,409
154,23,1/MAR/2019,433
155,24,1/MAR/2019,407
156,25,1/MAR/2019,425
157,26,1/MAR/2019,421
158,27,1/MAR/2019,409
159,28,1/MAR/2019,433
160,29,1/MAR/2019,432
161,30,1/MAR/2019,435
162,31,1/MAR/2019,449
163,32,1/MAR/2019,414
164,33,1/MAR/2019,408
165,34,1/MAR/2019,405
166,35,1/MAR/2019,416
167,36,1/MAR/2019,416
168,37,1/MAR/2019,403
169,38,1/MAR/2019,410
170,39,1/MAR/2019,405
171,40,1/MAR/2019,440
172,41,1/MAR/2019,420
173,42,1/MAR/2019,448
174,43,1/MAR/2019,409
175,44,1/MAR/2019,441
176,45,1/MAR/2019,431
177,46,1/MAR/2019,406
178,47,1/MAR/2019,420
179,48,1/MAR/2019,441
180,49,1/MAR/2019,409
181,50,1/MAR/2019,427
182,51,1/MAR/2019,450
183,52,1/MAR/2019,417
184,53,1/MAR/2019,425
185,54,1/MAR/2019,450
186,55,1/MAR/2019,430
187,56,1/MAR/2019,406
188,57,1/MAR/2019,446
189,58,1/MAR/2019,443
190,59,1/MAR/2019,403
191,60,1/MAR/2019,448
192,61,1/MAR/2019,428
193,62,1/MAR/2019,449
194,63,1/MAR/2019,447
195,64,1/MAR/2019,449
196,65,1/MAR/2019,425
197,66,1/MAR/2019,415
198,1,1/ABR/2019,424
199,2,1/ABR/2019,444
200,3,1/ABR/2019,434
201,4,1/ABR/2019,449
202,5,1/ABR/2019,417
203,6,1/ABR/2019,426
204,7,1/ABR/2019,409
205,8,1/ABR/2019,425
206,9,1/ABR/2019,436
207,10,1/ABR/2019,424
208,11,1/ABR/2019,419
209,12,1/ABR/2019,420
210,13,1/ABR/2019,450
211,14,1/ABR/2019,439
212,15,1/ABR/2019,406
213,16,1/ABR/2019,443
214,17,1/ABR/2019,438
215,18,1/ABR/2019,445
216,19,1/ABR/2019,404
217,20,1/ABR/2019,421
218,21,1/ABR/2019,403
219,22,1/ABR/2019,446
220,23,1/ABR/2019,424
221,24,1/ABR/2019,442
222,25,1/ABR/2019,418
223,26,1/ABR/2019,403
224,27,1/ABR/2019,407
225,28,1/ABR/2019,416
226,29,1/ABR/2019,400
227,30,1/ABR/2019,424
228,31,1/ABR/2019,416
229,32,1/ABR/2019,431
230,33,1/ABR/2019,441
231,34,1/ABR/2019,446
232,35,1/ABR/2019,444
233,36,1/ABR/2019,440
234,37,1/ABR/2019,412
235,38,1/ABR/2019,440
236,39,1/ABR/2019,432
237,40,1/ABR/2019,435
238,41,1/ABR/2019,413
239,42,1/ABR/2019,435
240,43,1/ABR/2019,409
241,44,1/ABR/2019,432
242,45,1/ABR/2019,408
243,46,1/ABR/2019,413
244,47,1/ABR/2019,438
245,48,1/ABR/2019,423
246,49,1/ABR/2019,444
247,50,1/ABR/2019,430
248,51,1/ABR/2019,438
249,52,1/ABR/2019,422
250,53,1/ABR/2019,440
251,54,1/ABR/2019,431
252,55,1/ABR/2019,413
253,56,1/ABR/2019,403
254,57,1/ABR/2019,413
255,58,1/ABR/2019,433
256,59,1/ABR/2019,438
257,60,1/ABR/2019,447
258,61,1/ABR/2019,414
259,62,1/ABR/2019,422
260,63,1/ABR/2019,425
261,64,1/ABR/2019,411
262,65,1/ABR/2019,419
263,66,1/ABR/2019,422
264,1,1/MAI/2019,433
265,2,1/MAI/2019,431
266,3,1/MAI/2019,449
267,4,1/MAI/2019,418
268,5,1/MAI/2019,431
269,6,1/MAI/2019,445
270,7,1/MAI/2019,420
271,8,1/MAI/2019,444
272,9,1/MAI/2019,447
273,10,1/MAI/2019,422
274,11,1/MAI/2019,448
275,12,1/MAI/2019,444
276,13,1/MAI/2019,446
277,14,1/MAI/2019,431
278,15,1/MAI/2019,400
279,16,1/MAI/2019,441
280,17,1/MAI/2019,406
281,18,1/MAI/2019,442
282,19,1/MAI/2019,411
283,20,1/MAI/2019,412
284,21,1/MAI/2019,449
285,22,1/MAI/2019,419
286,23,1/MAI/2019,435
287,24,1/MAI/2019,430
288,25,1/MAI/2019,427
289,26,1/MAI/2019,441
290,27,1/MAI/2019,436
291,28,1/MAI/2019,445
292,29,1/MAI/2019,445
293,30,1/MAI/2019,418
294,31,1/MAI/2019,407
295,32,1/MAI/2019,427
296,33,1/MAI/2019,448
297,34,1/MAI/2019,421
298,35,1/MAI/2019,425
299,36,1/MAI/2019,433
300,37,1/MAI/2019,408
301,38,1/MAI/2019,420
302,39,1/MAI/2019,432
303,40,1/MAI/2019,406
304,41,1/MAI/2019,401
305,42,1/MAI/2019,446
306,43,1/MAI/2019,438
307,44,1/MAI/2019,403
308,45,1/MAI/2019,413
309,46,1/MAI/2019,411
310,47,1/MAI/2019,440
311,48,1/MAI/2019,434
312,49,1/MAI/2019,406
313,50,1/MAI/2019,439
314,51,1/MAI/2019,437
315,52,1/MAI/2019,404
316,53,1/MAI/2019,431
317,54,1/MAI/2019,439
318,55,1/MAI/2019,407
319,56,1/MAI/2019,443
320,57,1/MAI/2019,435
321,58,1/MAI/2019,403
322,59,1/MAI/2019,450
323,60,1/MAI/2019,405
324,61,1/MAI/2019,438
325,62,1/MAI/2019,416
326,63,1/MAI/2019,428
327,64,1/MAI/2019,407
328,65,1/MAI/2019,440
329,66,1/MAI/2019,413
330,1,1/JUN/2019,414
331,2,1/JUN/2019,428
332,3,1/JUN/2019,421
333,4,1/JUN/2019,418
334,5,1/JUN/2019,448
335,6,1/JUN/2019,413
336,7,1/JUN/2019,418
337,8,1/JUN/2019,423
338,9,1/JUN/2019,424
339,10,1/JUN/2019,419
340,11,1/JUN/2019,409
341,12,1/JUN/2019,414
342,13,1/JUN/2019,410
343,14,1/JUN/2019,419
344,15,1/JUN/2019,427
345,16,1/JUN/2019,419
346,17,1/JUN/2019,415
347,18,1/JUN/2019,449
348,19,1/JUN/2019,413
349,20,1/JUN/2019,449
350,21,1/JUN/2019,405
351,22,1/JUN/2019,408
352,23,1/JUN/2019,405
353,24,1/JUN/2019,407
354,25,1/JUN/2019,425
355,26,1/JUN/2019,408
356,27,1/JUN/2019,404
357,28,1/JUN/2019,407
358,29,1/JUN/2019,418
359,30,1/JUN/2019,414
360,31,1/JUN/2019,400
361,32,1/JUN/2019,435
362,33,1/JUN/2019,409
363,34,1/JUN/2019,449
364,35,1/JUN/2019,415
365,36,1/JUN/2019,428
366,37,1/JUN/2019,431
367,38,1/JUN/2019,421
368,39,1/JUN/2019,417
369,40,1/JUN/2019,429
370,41,1/JUN/2019,411
371,42,1/JUN/2019,411
372,43,1/JUN/2019,442
373,44,1/JUN/2019,436
374,45,1/JUN/2019,433
375,46,1/JUN/2019,428
376,47,1/JUN/2019,419
377,48,1/JUN/2019,426
378,49,1/JUN/2019,435
379,50,1/JUN/2019,407
380,51,1/JUN/2019,420
381,52,1/JUN/2019,425
382,53,1/JUN/2019,415
383,54,1/JUN/2019,447
384,55,1/JUN/2019,401
385,56,1/JUN/2019,437
386,57,1/JUN/2019,443
387,58,1/JUN/2019,442
388,59,1/JUN/2019,435
389,60,1/JUN/2019,444
390,61,1/JUN/2019,406
391,62,1/JUN/2019,447
392,63,1/JUN/2019,435
393,64,1/JUN/2019,442
394,65,1/JUN/2019,423
395,66,1/JUN/2019,447
396,1,1/JUL/2019,409
397,2,1/JUL/2019,425
398,3,1/JUL/2019,424
399,4,1/JUL/2019,415
400,5,1/JUL/2019,436
401,6,1/JUL/2019,424
402,7,1/JUL/2019,408
403,8,1/JUL/2019,423
404,9,1/JUL/2019,424
405,10,1/JUL/2019,436
406,11,1/JUL/2019,438
407,12,1/JUL/2019,436
408,13,1/JUL/2019,428
409,14,1/JUL/2019,403
410,15,1/JUL/2019,427
411,16,1/JUL/2019,427
412,17,1/JUL/2019,427
413,18,1/JUL/2019,414
414,19,1/JUL/2019,430
415,20,1/JUL/2019,450
416,21,1/JUL/2019,421
417,22,1/JUL/2019,414
418,23,1/JUL/2019,409
419,24,1/JUL/2019,433
420,25,1/JUL/2019,450
421,26,1/JUL/2019,445
422,27,1/JUL/2019,420
423,28,1/JUL/2019,437
424,29,1/JUL/2019,408
425,30,1/JUL/2019,434
426,31,1/JUL/2019,436
427,32,1/JUL/2019,406
428,33,1/JUL/2019,407
429,34,1/JUL/2019,416
430,35,1/JUL/2019,430
431,36,1/JUL/2019,419
432,37,1/JUL/2019,418
433,38,1/JUL/2019,441
434,39,1/JUL/2019,449
435,40,1/JUL/2019,411
436,41,1/JUL/2019,431
437,42,1/JUL/2019,450
438,43,1/JUL/2019,432
439,44,1/JUL/2019,420
440,45,1/JUL/2019,424
441,46,1/JUL/2019,449
442,47,1/JUL/2019,414
443,48,1/JUL/2019,419
444,49,1/JUL/2019,404
445,50,1/JUL/2019,442
446,51,1/JUL/2019,441
447,52,1/JUL/2019,414
448,53,1/JUL/2019,442
449,54,1/JUL/2019,409
450,55,1/JUL/2019,414
451,56,1/JUL/2019,409
452,57,1/JUL/2019,424
453,58,1/JUL/2019,450
454,59,1/JUL/2019,428
455,60,1/JUL/2019,408
456,61,1/JUL/2019,405
457,62,1/JUL/2019,400
458,63,1/JUL/2019,427
459,64,1/JUL/2019,418
460,65,1/JUL/2019,416
461,66,1/JUL/2019,422
462,1,1/AGO/2019,410
463,2,1/AGO/2019,434
464,3,1/AGO/2019,450
465,4,1/AGO/2019,413
466,5,1/AGO/2019,405
467,6,1/AGO/2019,423
468,7,1/AGO/2019,443
469,8,1/AGO/2019,440
470,9,1/AGO/2019,427
471,10,1/AGO/2019,427
472,11,1/AGO/2019,417
473,12,1/AGO/2019,437
474,13,1/AGO/2019,445
475,14,1/AGO/2019,418
476,15,1/AGO/2019,428
477,16,1/AGO/2019,414
478,17,1/AGO/2019,418
479,18,1/AGO/2019,420
480,19,1/AGO/2019,418
481,20,1/AGO/2019,446
482,21,1/AGO/2019,419
483,22,1/AGO/2019,412
484,23,1/AGO/2019,411
485,24,1/AGO/2019,449
486,25,1/AGO/2019,400
487,26,1/AGO/2019,443
488,27,1/AGO/2019,441
489,28,1/AGO/2019,400
490,29,1/AGO/2019,402
491,30,1/AGO/2019,447
492,31,1/AGO/2019,424
493,32,1/AGO/2019,441
494,33,1/AGO/2019,414
495,34,1/AGO/2019,443
496,35,1/AGO/2019,424
497,36,1/AGO/2019,430
498,37,1/AGO/2019,448
499,38,1/AGO/2019,440
500,39,1/AGO/2019,436
501,40,1/AGO/2019,404
502,41,1/AGO/2019,450
503,42,1/AGO/2019,409
504,43,1/AGO/2019,447
505,44,1/AGO/2019,417
506,45,1/AGO/2019,447
507,46,1/AGO/2019,449
508,47,1/AGO/2019,435
509,48,1/AGO/2019,435
510,49,1/AGO/2019,441
511,50,1/AGO/2019,447
512,51,1/AGO/2019,444
513,52,1/AGO/2019,431
514,53,1/AGO/2019,421
515,54,1/AGO/2019,422
516,55,1/AGO/2019,405
517,56,1/AGO/2019,423
518,57,1/AGO/2019,405
519,58,1/AGO/2019,405
520,59,1/AGO/2019,426
521,60,1/AGO/2019,407
522,61,1/AGO/2019,421
523,62,1/AGO/2019,410
524,63,1/AGO/2019,427
525,64,1/AGO/2019,429
526,65,1/AGO/2019,439
527,66,1/AGO/2019,442
528,1,1/SET/2019,427
529,2,1/SET/2019,421
530,3,1/SET/2019,404
531,4,1/SET/2019,433
532,5,1/SET/2019,408
533,6,1/SET/2019,420
534,7,1/SET/2019,417
535,8,1/SET/2019,423
536,9,1/SET/2019,409
537,10,1/SET/2019,404
538,11,1/SET/2019,418
539,12,1/SET/2019,415
540,13,1/SET/2019,407
541,14,1/SET/2019,436
542,15,1/SET/2019,436
543,16,1/SET/2019,407
544,17,1/SET/2019,433
545,18,1/SET/2019,448
546,19,1/SET/2019,450
547,20,1/SET/2019,412
548,21,1/SET/2019,434
549,22,1/SET/2019,426
550,23,1/SET/2019,418
551,24,1/SET/2019,403
552,25,1/SET/2019,423
553,26,1/SET/2019,439
554,27,1/SET/2019,446
555,28,1/SET/2019,406
556,29,1/SET/2019,404
557,30,1/SET/2019,400
558,31,1/SET/2019,404
559,32,1/SET/2019,421
560,33,1/SET/2019,419
561,34,1/SET/2019,450
562,35,1/SET/2019,418
563,36,1/SET/2019,447
564,37,1/SET/2019,400
565,38,1/SET/2019,408
566,39,1/SET/2019,446
567,40,1/SET/2019,437
568,41,1/SET/2019,410
569,42,1/SET/2019,419
570,43,1/SET/2019,449
571,44,1/SET/2019,400
572,45,1/SET/2019,443
573,46,1/SET/2019,444
574,47,1/SET/2019,441
575,48,1/SET/2019,411
576,49,1/SET/2019,429
577,50,1/SET/2019,447
578,51,1/SET/2019,416
579,52,1/SET/2019,435
580,53,1/SET/2019,426
581,54,1/SET/2019,403
582,55,1/SET/2019,410
583,56,1/SET/2019,417
584,57,1/SET/2019,438
585,58,1/SET/2019,445
586,59,1/SET/2019,411
587,60,1/SET/2019,401
588,61,1/SET/2019,423
589,62,1/SET/2019,424
590,63,1/SET/2019,445
591,64,1/SET/2019,409
592,65,1/SET/2019,447
593,66,1/SET/2019,421
594,1,1/OUT/2019,410
595,2,1/OUT/2019,428
596,3,1/OUT/2019,435
597,4,1/OUT/2019,404
598,5,1/OUT/2019,430
599,6,1/OUT/2019,427
600,7,1/OUT/2019,448
601,8,1/OUT/2019,410
602,9,1/OUT/2019,430
603,10,1/OUT/2019,415
604,11,1/OUT/2019,439
605,12,1/OUT/2019,407
606,13,1/OUT/2019,434
607,14,1/OUT/2019,429
608,15,1/OUT/2019,427
609,16,1/OUT/2019,447
610,17,1/OUT/2019,433
611,18,1/OUT/2019,448
612,19,1/OUT/2019,443
613,20,1/OUT/2019,414
614,21,1/OUT/2019,420
615,22,1/OUT/2019,402
616,23,1/OUT/2019,435
617,24,1/OUT/2019,415
618,25,1/OUT/2019,407
619,26,1/OUT/2019,420
620,27,1/OUT/2019,416
621,28,1/OUT/2019,420
622,29,1/OUT/2019,408
623,30,1/OUT/2019,414
624,31,1/OUT/2019,448
625,32,1/OUT/2019,401
626,33,1/OUT/2019,426
627,34,1/OUT/2019,409
628,35,1/OUT/2019,424
629,36,1/OUT/2019,418
630,37,1/OUT/2019,417
631,38,1/OUT/2019,403
632,39,1/OUT/2019,414
633,40,1/OUT/2019,429
634,41,1/OUT/2019,423
635,42,1/OUT/2019,434
636,43,1/OUT/2019,427
637,44,1/OUT/2019,450
638,45,1/OUT/2019,417
639,46,1/OUT/2019,404
640,47,1/OUT/2019,410
641,48,1/OUT/2019,412
642,49,1/OUT/2019,402
643,50,1/OUT/2019,424
644,51,1/OUT/2019,433
645,52,1/OUT/2019,432
646,53,1/OUT/2019,447
647,54,1/OUT/2019,401
648,55,1/OUT/2019,421
649,56,1/OUT/2019,402
650,57,1/OUT/2019,404
651,58,1/OUT/2019,416
652,59,1/OUT/2019,440
653,60,1/OUT/2019,407
654,61,1/OUT/2019,417
655,62,1/OUT/2019,413
656,63,1/OUT/2019,414
657,64,1/OUT/2019,432
658,65,1/OUT/2019,414
659,66,1/OUT/2019,402
660,1,1/NOV/2019,408
661,2,1/NOV/2019,438
662,3,1/NOV/2019,403
663,4,1/NOV/2019,441
664,5,1/NOV/2019,430
665,6,1/NOV/2019,429
666,7,1/NOV/2019,405
667,8,1/NOV/2019,433
668,9,1/NOV/2019,427
669,10,1/NOV/2019,446
670,11,1/NOV/2019,408
671,12,1/NOV/2019,450
672,13,1/NOV/2019,414
673,14,1/NOV/2019,415
674,15,1/NOV/2019,412
675,16,1/NOV/2019,412
676,17,1/NOV/2019,438
677,18,1/NOV/2019,421
678,19,1/NOV/2019,433
679,20,1/NOV/2019,429
680,21,1/NOV/2019,442
681,22,1/NOV/2019,413
682,23,1/NOV/2019,443
683,24,1/NOV/2019,409
684,25,1/NOV/2019,430
685,26,1/NOV/2019,447
686,27,1/NOV/2019,433
687,28,1/NOV/2019,416
688,29,1/NOV/2019,434
689,30,1/NOV/2019,407
690,31,1/NOV/2019,449
691,32,1/NOV/2019,443
692,33,1/NOV/2019,428
693,34,1/NOV/2019,449
694,35,1/NOV/2019,447
695,36,1/NOV/2019,446
696,37,1/NOV/2019,445
697,38,1/NOV/2019,443
698,39,1/NOV/2019,426
699,40,1/NOV/2019,441
700,41,1/NOV/2019,426
701,42,1/NOV/2019,415
702,43,1/NOV/2019,418
703,44,1/NOV/2019,435
704,45,1/NOV/2019,443
705,46,1/NOV/2019,401
706,47,1/NOV/2019,401
707,48,1/NOV/2019,428
708,49,1/NOV/2019,446
709,50,1/NOV/2019,443
710,51,1/NOV/2019,413
711,52,1/NOV/2019,444
712,53,1/NOV/2019,422
713,54,1/NOV/2019,434
714,55,1/NOV/2019,425
715,56,1/NOV/2019,405
716,57,1/NOV/2019,437
717,58,1/NOV/2019,429
718,59,1/NOV/2019,432
719,60,1/NOV/2019,442
720,61,1/NOV/2019,443
721,62,1/NOV/2019,431
722,63,1/NOV/2019,424
723,64,1/NOV/2019,428
724,65,1/NOV/2019,438
725,66,1/NOV/2019,435
726,1,1/DEZ/2019,428
727,2,1/DEZ/2019,405
728,3,1/DEZ/2019,430
729,4,1/DEZ/2019,411
730,5,1/DEZ/2019,419
731,6,1/DEZ/2019,415
732,7,1/DEZ/2019,436
733,8,1/DEZ/2019,439
734,9,1/DEZ/2019,429
735,10,1/DEZ/2019,410
736,11,1/DEZ/2019,422
737,12,1/DEZ/2019,430
738,13,1/DEZ/2019,422
739,14,1/DEZ/2019,433
740,15,1/DEZ/2019,431
741,16,1/DEZ/2019,420
742,17,1/DEZ/2019,435
743,18,1/DEZ/2019,448
744,19,1/DEZ/2019,427
745,20,1/DEZ/2019,444
746,21,1/DEZ/2019,437
747,22,1/DEZ/2019,404
748,23,1/DEZ/2019,443
749,24,1/DEZ/2019,401
750,25,1/DEZ/2019,430
751,26,1/DEZ/2019,428
752,27,1/DEZ/2019,416
753,28,1/DEZ/2019,421
754,29,1/DEZ/2019,413
755,30,1/DEZ/2019,436
756,31,1/DEZ/2019,445
757,32,1/DEZ/2019,411
758,33,1/DEZ/2019,403
759,34,1/DEZ/2019,418
760,35,1/DEZ/2019,421
761,36,1/DEZ/2019,441
762,37,1/DEZ/2019,431
763,38,1/DEZ/2019,444
764,39,1/DEZ/2019,401
765,40,1/DEZ/2019,437
766,41,1/DEZ/2019,413
767,42,1/DEZ/2019,413
768,43,1/DEZ/2019,407
769,44,1/DEZ/2019,412
770,45,1/DEZ/2019,449
771,46,1/DEZ/2019,438
772,47,1/DEZ/2019,445
773,48,1/DEZ/2019,412
774,49,1/DEZ/2019,417
775,50,1/DEZ/2019,424
776,51,1/DEZ/2019,445
777,52,1/DEZ/2019,404
778,53,1/DEZ/2019,427
779,54,1/DEZ/2019,420
780,55,1/DEZ/2019,443
781,56,1/DEZ/2019,449
782,57,1/DEZ/2019,418
783,58,1/DEZ/2019,429
784,59,1/DEZ/2019,430
785,60,1/DEZ/2019,418
786,61,1/DEZ/2019,401
787,62,1/DEZ/2019,437
788,63,1/DEZ/2019,432
789,64,1/DEZ/2019,435
790,65,1/DEZ/2019,446
791,66,1/DEZ/2019,424
792,1,1/JAN/2020,470
793,2,1/JAN/2020,501
794,3,1/JAN/2020,594
795,4,1/JAN/2020,472
796,5,1/JAN/2020,532
797,6,1/JAN/2020,548
798,7,1/JAN/2020,402
799,8,1/JAN/2020,407
800,9,1/JAN/2020,547
801,10,1/JAN/2020,446
802,11,1/JAN/2020,462
803,12,1/JAN/2020,470
804,13,1/JAN/2020,591
805,14,1/JAN/2020,445
806,15,1/JAN/2020,495
807,16,1/JAN/2020,544
808,17,1/JAN/2020,423
809,18,1/JAN/2020,423
810,19,1/JAN/2020,572
811,20,1/JAN/2020,520
812,21,1/JAN/2020,517
813,22,1/JAN/2020,584
814,23,1/JAN/2020,406
815,24,1/JAN/2020,474
816,25,1/JAN/2020,437
817,26,1/JAN/2020,562
818,27,1/JAN/2020,517
819,28,1/JAN/2020,522
820,29,1/JAN/2020,445
821,30,1/JAN/2020,439
822,31,1/JAN/2020,431
823,32,1/JAN/2020,442
824,33,1/JAN/2020,415
825,34,1/JAN/2020,480
826,35,1/JAN/2020,456
827,36,1/JAN/2020,411
828,37,1/JAN/2020,511
829,38,1/JAN/2020,491
830,39,1/JAN/2020,418
831,40,1/JAN/2020,581
832,41,1/JAN/2020,500
833,42,1/JAN/2020,470
834,43,1/JAN/2020,506
835,44,1/JAN/2020,592
836,45,1/JAN/2020,539
837,46,1/JAN/2020,572
838,47,1/JAN/2020,562
839,48,1/JAN/2020,496
840,49,1/JAN/2020,454
841,50,1/JAN/2020,564
842,51,1/JAN/2020,568
843,52,1/JAN/2020,497
844,53,1/JAN/2020,410
845,54,1/JAN/2020,508
846,55,1/JAN/2020,587
847,56,1/JAN/2020,578
848,57,1/JAN/2020,472
849,58,1/JAN/2020,536
850,59,1/JAN/2020,509
851,60,1/JAN/2020,534
852,61,1/JAN/2020,549
853,62,1/JAN/2020,449
854,63,1/JAN/2020,532
855,64,1/JAN/2020,436
856,65,1/JAN/2020,556
857,66,1/JAN/2020,590
858,1,1/FEV/2020,484
859,2,1/FEV/2020,428
860,3,1/FEV/2020,525
861,4,1/FEV/2020,455
862,5,1/FEV/2020,496
863,6,1/FEV/2020,445
864,7,1/FEV/2020,536
865,8,1/FEV/2020,400
866,9,1/FEV/2020,414
867,10,1/FEV/2020,587
868,11,1/FEV/2020,429
869,12,1/FEV/2020,600
870,13,1/FEV/2020,411
871,14,1/FEV/2020,420
872,15,1/FEV/2020,449
873,16,1/FEV/2020,556
874,17,1/FEV/2020,447
875,18,1/FEV/2020,558
876,19,1/FEV/2020,567
877,20,1/FEV/2020,446
878,21,1/FEV/2020,507
879,22,1/FEV/2020,561
880,23,1/FEV/2020,492
881,24,1/FEV/2020,474
882,25,1/FEV/2020,496
883,26,1/FEV/2020,590
884,27,1/FEV/2020,495
885,28,1/FEV/2020,554
886,29,1/FEV/2020,507
887,30,1/FEV/2020,515
888,31,1/FEV/2020,482
889,32,1/FEV/2020,573
890,33,1/FEV/2020,546
891,34,1/FEV/2020,472
892,35,1/FEV/2020,463
893,36,1/FEV/2020,496
894,37,1/FEV/2020,433
895,38,1/FEV/2020,409
896,39,1/FEV/2020,522
897,40,1/FEV/2020,436
898,41,1/FEV/2020,471
899,42,1/FEV/2020,503
900,43,1/FEV/2020,412
901,44,1/FEV/2020,406
902,45,1/FEV/2020,504
903,46,1/FEV/2020,527
904,47,1/FEV/2020,499
905,48,1/FEV/2020,499
906,49,1/FEV/2020,469
907,50,1/FEV/2020,434
908,51,1/FEV/2020,515
909,52,1/FEV/2020,482
910,53,1/FEV/2020,574
911,54,1/FEV/2020,464
912,55,1/FEV/2020,508
913,56,1/FEV/2020,503
914,57,1/FEV/2020,595
915,58,1/FEV/2020,404
916,59,1/FEV/2020,454
917,60,1/FEV/2020,420
918,61,1/FEV/2020,497
919,62,1/FEV/2020,523
920,63,1/FEV/2020,491
921,64,1/FEV/2020,510
922,65,1/FEV/2020,480
923,66,1/FEV/2020,600
924,1,1/MAR/2020,405
925,2,1/MAR/2020,489
926,3,1/MAR/2020,496
927,4,1/MAR/2020,452
928,5,1/MAR/2020,553
929,6,1/MAR/2020,430
930,7,1/MAR/2020,524
931,8,1/MAR/2020,591
932,9,1/MAR/2020,413
933,10,1/MAR/2020,589
934,11,1/MAR/2020,501
935,12,1/MAR/2020,513
936,13,1/MAR/2020,527
937,14,1/MAR/2020,469
938,15,1/MAR/2020,406
939,16,1/MAR/2020,500
940,17,1/MAR/2020,549
941,18,1/MAR/2020,578
942,19,1/MAR/2020,484
943,20,1/MAR/2020,471
944,21,1/MAR/2020,496
945,22,1/MAR/2020,502
946,23,1/MAR/2020,477
947,24,1/MAR/2020,569
948,25,1/MAR/2020,491
949,26,1/MAR/2020,565
950,27,1/MAR/2020,579
951,28,1/MAR/2020,414
952,29,1/MAR/2020,546
953,30,1/MAR/2020,404
954,31,1/MAR/2020,428
955,32,1/MAR/2020,405
956,33,1/MAR/2020,506
957,34,1/MAR/2020,577
958,35,1/MAR/2020,432
959,36,1/MAR/2020,437
960,37,1/MAR/2020,446
961,38,1/MAR/2020,457
962,39,1/MAR/2020,457
963,40,1/MAR/2020,516
964,41,1/MAR/2020,460
965,42,1/MAR/2020,401
966,43,1/MAR/2020,449
967,44,1/MAR/2020,562
968,45,1/MAR/2020,572
969,46,1/MAR/2020,569
970,47,1/MAR/2020,443
971,48,1/MAR/2020,451
972,49,1/MAR/2020,460
973,50,1/MAR/2020,565
974,51,1/MAR/2020,484
975,52,1/MAR/2020,540
976,53,1/MAR/2020,537
977,54,1/MAR/2020,479
978,55,1/MAR/2020,476
979,56,1/MAR/2020,547
980,57,1/MAR/2020,447
981,58,1/MAR/2020,474
982,59,1/MAR/2020,596
983,60,1/MAR/2020,491
984,61,1/MAR/2020,448
985,62,1/MAR/2020,521
986,63,1/MAR/2020,596
987,64,1/MAR/2020,554
988,65,1/MAR/2020,539
989,66,1/MAR/2020,561
990,1,1/ABR/2020,452
991,2,1/ABR/2020,479
992,3,1/ABR/2020,425
993,4,1/ABR/2020,494
994,5,1/ABR/2020,421
995,6,1/ABR/2020,586
996,7,1/ABR/2020,590
997,8,1/ABR/2020,422
998,9,1/ABR/2020,456
999,10,1/ABR/2020,447
1000,11,1/ABR/2020,472
1001,12,1/ABR/2020,472
1002,13,1/ABR/2020,591
1003,14,1/ABR/2020,439
1004,15,1/ABR/2020,474
1005,16,1/ABR/2020,403
1006,17,1/ABR/2020,550
1007,18,1/ABR/2020,496
1008,19,1/ABR/2020,404
1009,20,1/ABR/2020,516
1010,21,1/ABR/2020,505
1011,22,1/ABR/2020,479
1012,23,1/ABR/2020,535
1013,24,1/ABR/2020,557
1014,25,1/ABR/2020,506
1015,26,1/ABR/2020,468
1016,27,1/ABR/2020,453
1017,28,1/ABR/2020,532
1018,29,1/ABR/2020,529
1019,30,1/ABR/2020,513
1020,31,1/ABR/2020,572
1021,32,1/ABR/2020,500
1022,33,1/ABR/2020,521
1023,34,1/ABR/2020,460
1024,35,1/ABR/2020,447
1025,36,1/ABR/2020,591
1026,37,1/ABR/2020,459
1027,38,1/ABR/2020,450
1028,39,1/ABR/2020,488
1029,40,1/ABR/2020,419
1030,41,1/ABR/2020,567
1031,42,1/ABR/2020,566
1032,43,1/ABR/2020,498
1033,44,1/ABR/2020,600
1034,45,1/ABR/2020,458
1035,46,1/ABR/2020,467
1036,47,1/ABR/2020,515
1037,48,1/ABR/2020,478
1038,49,1/ABR/2020,478
1039,50,1/ABR/2020,503
1040,51,1/ABR/2020,593
1041,52,1/ABR/2020,590
1042,53,1/ABR/2020,588
1043,54,1/ABR/2020,563
1044,55,1/ABR/2020,536
1045,56,1/ABR/2020,413
1046,57,1/ABR/2020,571
1047,58,1/ABR/2020,423
1048,59,1/ABR/2020,546
1049,60,1/ABR/2020,591
1050,61,1/ABR/2020,427
1051,62,1/ABR/2020,464
1052,63,1/ABR/2020,597
1053,64,1/ABR/2020,589
1054,65,1/ABR/2020,402
1055,66,1/ABR/2020,451
1056,1,1/MAI/2020,522
1057,2,1/MAI/2020,555
1058,3,1/MAI/2020,436
1059,4,1/MAI/2020,430
1060,5,1/MAI/2020,511
1061,6,1/MAI/2020,464
1062,7,1/MAI/2020,409
1063,8,1/MAI/2020,465
1064,9,1/MAI/2020,440
1065,10,1/MAI/2020,412
1066,11,1/MAI/2020,573
1067,12,1/MAI/2020,558
1068,13,1/MAI/2020,449
1069,14,1/MAI/2020,560
1070,15,1/MAI/2020,600
1071,16,1/MAI/2020,426
1072,17,1/MAI/2020,410
1073,18,1/MAI/2020,594
1074,19,1/MAI/2020,438
1075,20,1/MAI/2020,514
1076,21,1/MAI/2020,428
1077,22,1/MAI/2020,537
1078,23,1/MAI/2020,455
1079,24,1/MAI/2020,581
1080,25,1/MAI/2020,470
1081,26,1/MAI/2020,456
1082,27,1/MAI/2020,519
1083,28,1/MAI/2020,599
1084,29,1/MAI/2020,412
1085,30,1/MAI/2020,558
1086,31,1/MAI/2020,511
1087,32,1/MAI/2020,570
1088,33,1/MAI/2020,588
1089,34,1/MAI/2020,501
1090,35,1/MAI/2020,557
1091,36,1/MAI/2020,530
1092,37,1/MAI/2020,553
1093,38,1/MAI/2020,553
1094,39,1/MAI/2020,440
1095,40,1/MAI/2020,554
1096,41,1/MAI/2020,478
1097,42,1/MAI/2020,407
1098,43,1/MAI/2020,540
1099,44,1/MAI/2020,416
1100,45,1/MAI/2020,598
1101,46,1/MAI/2020,439
1102,47,1/MAI/2020,467
1103,48,1/MAI/2020,557
1104,49,1/MAI/2020,546
1105,50,1/MAI/2020,598
1106,51,1/MAI/2020,520
1107,52,1/MAI/2020,512
1108,53,1/MAI/2020,431
1109,54,1/MAI/2020,587
1110,55,1/MAI/2020,495
1111,56,1/MAI/2020,500
1112,57,1/MAI/2020,503
1113,58,1/MAI/2020,484
1114,59,1/MAI/2020,491
1115,60,1/MAI/2020,592
1116,61,1/MAI/2020,460
1117,62,1/MAI/2020,490
1118,63,1/MAI/2020,577
1119,64,1/MAI/2020,534
1120,65,1/MAI/2020,575
1121,66,1/MAI/2020,440
1122,1,1/JUN/2020,547
1123,2,1/JUN/2020,565
1124,3,1/JUN/2020,481
1125,4,1/JUN/2020,472
1126,5,1/JUN/2020,498
1127,6,1/JUN/2020,454
1128,7,1/JUN/2020,491
1129,8,1/JUN/2020,462
1130,9,1/JUN/2020,499
1131,10,1/JUN/2020,421
1132,11,1/JUN/2020,410
1133,12,1/JUN/2020,437
1134,13,1/JUN/2020,433
1135,14,1/JUN/2020,433
1136,15,1/JUN/2020,461
1137,16,1/JUN/2020,505
1138,17,1/JUN/2020,429
1139,18,1/JUN/2020,410
1140,19,1/JUN/2020,564
1141,20,1/JUN/2020,404
1142,21,1/JUN/2020,528
1143,22,1/JUN/2020,547
1144,23,1/JUN/2020,534
1145,24,1/JUN/2020,448
1146,25,1/JUN/2020,588
1147,26,1/JUN/2020,505
1148,27,1/JUN/2020,570
1149,28,1/JUN/2020,421
1150,29,1/JUN/2020,438
1151,30,1/JUN/2020,585
1152,31,1/JUN/2020,428
1153,32,1/JUN/2020,557
1154,33,1/JUN/2020,582
1155,34,1/JUN/2020,518
1156,35,1/JUN/2020,447
1157,36,1/JUN/2020,425
1158,37,1/JUN/2020,422
1159,38,1/JUN/2020,429
1160,39,1/JUN/2020,575
1161,40,1/JUN/2020,469
1162,41,1/JUN/2020,586
1163,42,1/JUN/2020,467
1164,43,1/JUN/2020,599
1165,44,1/JUN/2020,569
1166,45,1/JUN/2020,582
1167,46,1/JUN/2020,456
1168,47,1/JUN/2020,549
1169,48,1/JUN/2020,492
1170,49,1/JUN/2020,423
1171,50,1/JUN/2020,443
1172,51,1/JUN/2020,600
1173,52,1/JUN/2020,462
1174,53,1/JUN/2020,418
1175,54,1/JUN/2020,545
1176,55,1/JUN/2020,591
1177,56,1/JUN/2020,577
1178,57,1/JUN/2020,588
1179,58,1/JUN/2020,413
1180,59,1/JUN/2020,465
1181,60,1/JUN/2020,424
1182,61,1/JUN/2020,507
1183,62,1/JUN/2020,446
1184,63,1/JUN/2020,551
1185,64,1/JUN/2020,523
1186,65,1/JUN/2020,457
1187,66,1/JUN/2020,562
1188,1,1/JUL/2020,510
1189,2,1/JUL/2020,462
1190,3,1/JUL/2020,523
1191,4,1/JUL/2020,598
1192,5,1/JUL/2020,489
1193,6,1/JUL/2020,505
1194,7,1/JUL/2020,569
1195,8,1/JUL/2020,599
1196,9,1/JUL/2020,411
1197,10,1/JUL/2020,499
1198,11,1/JUL/2020,451
1199,12,1/JUL/2020,538
1200,13,1/JUL/2020,490
1201,14,1/JUL/2020,467
1202,15,1/JUL/2020,550
1203,16,1/JUL/2020,481
1204,17,1/JUL/2020,403
1205,18,1/JUL/2020,423
1206,19,1/JUL/2020,426
1207,20,1/JUL/2020,433
1208,21,1/JUL/2020,412
1209,22,1/JUL/2020,520
1210,23,1/JUL/2020,400
1211,24,1/JUL/2020,457
1212,25,1/JUL/2020,407
1213,26,1/JUL/2020,428
1214,27,1/JUL/2020,562
1215,28,1/JUL/2020,540
1216,29,1/JUL/2020,537
1217,30,1/JUL/2020,542
1218,31,1/JUL/2020,479
1219,32,1/JUL/2020,477
1220,33,1/JUL/2020,459
1221,34,1/JUL/2020,545
1222,35,1/JUL/2020,554
1223,36,1/JUL/2020,556
1224,37,1/JUL/2020,569
1225,38,1/JUL/2020,565
1226,39,1/JUL/2020,515
1227,40,1/JUL/2020,550
1228,41,1/JUL/2020,542
1229,42,1/JUL/2020,586
1230,43,1/JUL/2020,507
1231,44,1/JUL/2020,490
1232,45,1/JUL/2020,477
1233,46,1/JUL/2020,488
1234,47,1/JUL/2020,477
1235,48,1/JUL/2020,571
1236,49,1/JUL/2020,477
1237,50,1/JUL/2020,442
1238,51,1/JUL/2020,468
1239,52,1/JUL/2020,526
1240,53,1/JUL/2020,448
1241,54,1/JUL/2020,481
1242,55,1/JUL/2020,548
1243,56,1/JUL/2020,600
1244,57,1/JUL/2020,570
1245,58,1/JUL/2020,475
1246,59,1/JUL/2020,523
1247,60,1/JUL/2020,460
1248,61,1/JUL/2020,574
1249,62,1/JUL/2020,453
1250,63,1/JUL/2020,487
1251,64,1/JUL/2020,563
1252,65,1/JUL/2020,548
1253,66,1/JUL/2020,597
1254,1,1/AGO/2020,545
1255,2,1/AGO/2020,574
1256,3,1/AGO/2020,452
1257,4,1/AGO/2020,425
1258,5,1/AGO/2020,435
1259,6,1/AGO/2020,599
1260,7,1/AGO/2020,550
1261,8,1/AGO/2020,534
1262,9,1/AGO/2020,445
1263,10,1/AGO/2020,421
1264,11,1/AGO/2020,596
1265,12,1/AGO/2020,554
1266,13,1/AGO/2020,485
1267,14,1/AGO/2020,565
1268,15,1/AGO/2020,419
1269,16,1/AGO/2020,484
1270,17,1/AGO/2020,508
1271,18,1/AGO/2020,436
1272,19,1/AGO/2020,473
1273,20,1/AGO/2020,592
1274,21,1/AGO/2020,487
1275,22,1/AGO/2020,412
1276,23,1/AGO/2020,532
1277,24,1/AGO/2020,481
1278,25,1/AGO/2020,531
1279,26,1/AGO/2020,519
1280,27,1/AGO/2020,560
1281,28,1/AGO/2020,596
1282,29,1/AGO/2020,589
1283,30,1/AGO/2020,574
1284,31,1/AGO/2020,415
1285,32,1/AGO/2020,573
1286,33,1/AGO/2020,487
1287,34,1/AGO/2020,443
1288,35,1/AGO/2020,523
1289,36,1/AGO/2020,411
1290,37,1/AGO/2020,531
1291,38,1/AGO/2020,530
1292,39,1/AGO/2020,497
1293,40,1/AGO/2020,424
1294,41,1/AGO/2020,572
1295,42,1/AGO/2020,484
1296,43,1/AGO/2020,456
1297,44,1/AGO/2020,592
1298,45,1/AGO/2020,560
1299,46,1/AGO/2020,459
1300,47,1/AGO/2020,409
1301,48,1/AGO/2020,427
1302,49,1/AGO/2020,403
1303,50,1/AGO/2020,464
1304,51,1/AGO/2020,426
1305,52,1/AGO/2020,446
1306,53,1/AGO/2020,549
1307,54,1/AGO/2020,534
1308,55,1/AGO/2020,532
1309,56,1/AGO/2020,401
1310,57,1/AGO/2020,585
1311,58,1/AGO/2020,432
1312,59,1/AGO/2020,405
1313,60,1/AGO/2020,498
1314,61,1/AGO/2020,409
1315,62,1/AGO/2020,497
1316,63,1/AGO/2020,598
1317,64,1/AGO/2020,476
1318,65,1/AGO/2020,445
1319,66,1/AGO/2020,468
1320,1,1/SET/2020,457
1321,2,1/SET/2020,489
1322,3,1/SET/2020,400
1323,4,1/SET/2020,526
1324,5,1/SET/2020,450
1325,6,1/SET/2020,481
1326,7,1/SET/2020,408
1327,8,1/SET/2020,580
1328,9,1/SET/2020,516
1329,10,1/SET/2020,597
1330,11,1/SET/2020,561
1331,12,1/SET/2020,452
1332,13,1/SET/2020,515
1333,14,1/SET/2020,535
1334,15,1/SET/2020,493
1335,16,1/SET/2020,573
1336,17,1/SET/2020,564
1337,18,1/SET/2020,539
1338,19,1/SET/2020,509
1339,20,1/SET/2020,483
1340,21,1/SET/2020,584
1341,22,1/SET/2020,504
1342,23,1/SET/2020,445
1343,24,1/SET/2020,547
1344,25,1/SET/2020,415
1345,26,1/SET/2020,547
1346,27,1/SET/2020,450
1347,28,1/SET/2020,576
1348,29,1/SET/2020,551
1349,30,1/SET/2020,516
1350,31,1/SET/2020,472
1351,32,1/SET/2020,456
1352,33,1/SET/2020,418
1353,34,1/SET/2020,576
1354,35,1/SET/2020,503
1355,36,1/SET/2020,437
1356,37,1/SET/2020,461
1357,38,1/SET/2020,463
1358,39,1/SET/2020,568
1359,40,1/SET/2020,461
1360,41,1/SET/2020,406
1361,42,1/SET/2020,463
1362,43,1/SET/2020,417
1363,44,1/SET/2020,592
1364,45,1/SET/2020,440
1365,46,1/SET/2020,525
1366,47,1/SET/2020,407
1367,48,1/SET/2020,446
1368,49,1/SET/2020,577
1369,50,1/SET/2020,598
1370,51,1/SET/2020,531
1371,52,1/SET/2020,528
1372,53,1/SET/2020,531
1373,54,1/SET/2020,468
1374,55,1/SET/2020,441
1375,56,1/SET/2020,568
1376,57,1/SET/2020,421
1377,58,1/SET/2020,582
1378,59,1/SET/2020,436
1379,60,1/SET/2020,518
1380,61,1/SET/2020,515
1381,62,1/SET/2020,508
1382,63,1/SET/2020,594
1383,64,1/SET/2020,600
1384,65,1/SET/2020,549
1385,66,1/SET/2020,467
1386,1,1/OUT/2020,438
1387,2,1/OUT/2020,475
1388,3,1/OUT/2020,405
1389,4,1/OUT/2020,531
1390,5,1/OUT/2020,434
1391,6,1/OUT/2020,579
1392,7,1/OUT/2020,458
1393,8,1/OUT/2020,557
1394,9,1/OUT/2020,489
1395,10,1/OUT/2020,513
1396,11,1/OUT/2020,470
1397,12,1/OUT/2020,440
1398,13,1/OUT/2020,512
1399,14,1/OUT/2020,463
1400,15,1/OUT/2020,565
1401,16,1/OUT/2020,451
1402,17,1/OUT/2020,571
1403,18,1/OUT/2020,479
1404,19,1/OUT/2020,518
1405,20,1/OUT/2020,440
1406,21,1/OUT/2020,440
1407,22,1/OUT/2020,490
1408,23,1/OUT/2020,450
1409,24,1/OUT/2020,538
1410,25,1/OUT/2020,515
1411,26,1/OUT/2020,596
1412,27,1/OUT/2020,410
1413,28,1/OUT/2020,512
1414,29,1/OUT/2020,571
1415,30,1/OUT/2020,478
1416,31,1/OUT/2020,554
1417,32,1/OUT/2020,586
1418,33,1/OUT/2020,461
1419,34,1/OUT/2020,593
1420,35,1/OUT/2020,585
1421,36,1/OUT/2020,470
1422,37,1/OUT/2020,491
1423,38,1/OUT/2020,422
1424,39,1/OUT/2020,467
1425,40,1/OUT/2020,537
1426,41,1/OUT/2020,517
1427,42,1/OUT/2020,568
1428,43,1/OUT/2020,409
1429,44,1/OUT/2020,470
1430,45,1/OUT/2020,456
1431,46,1/OUT/2020,420
1432,47,1/OUT/2020,421
1433,48,1/OUT/2020,446
1434,49,1/OUT/2020,492
1435,50,1/OUT/2020,428
1436,51,1/OUT/2020,514
1437,52,1/OUT/2020,467
1438,53,1/OUT/2020,403
1439,54,1/OUT/2020,433
1440,55,1/OUT/2020,571
1441,56,1/OUT/2020,424
1442,57,1/OUT/2020,412
1443,58,1/OUT/2020,421
1444,59,1/OUT/2020,569
1445,60,1/OUT/2020,408
1446,61,1/OUT/2020,556
1447,62,1/OUT/2020,496
1448,63,1/OUT/2020,412
1449,64,1/OUT/2020,591
1450,65,1/OUT/2020,514
1451,66,1/OUT/2020,567
1452,1,1/NOV/2020,447
1453,2,1/NOV/2020,483
1454,3,1/NOV/2020,569
1455,4,1/NOV/2020,410
1456,5,1/NOV/2020,471
1457,6,1/NOV/2020,452
1458,7,1/NOV/2020,573
1459,8,1/NOV/2020,499
1460,9,1/NOV/2020,426
1461,10,1/NOV/2020,483
1462,11,1/NOV/2020,498
1463,12,1/NOV/2020,562
1464,13,1/NOV/2020,521
1465,14,1/NOV/2020,477
1466,15,1/NOV/2020,513
1467,16,1/NOV/2020,479
1468,17,1/NOV/2020,583
1469,18,1/NOV/2020,489
1470,19,1/NOV/2020,450
1471,20,1/NOV/2020,440
1472,21,1/NOV/2020,567
1473,22,1/NOV/2020,527
1474,23,1/NOV/2020,463
1475,24,1/NOV/2020,566
1476,25,1/NOV/2020,472
1477,26,1/NOV/2020,526
1478,27,1/NOV/2020,493
1479,28,1/NOV/2020,482
1480,29,1/NOV/2020,568
1481,30,1/NOV/2020,555
1482,31,1/NOV/2020,591
1483,32,1/NOV/2020,460
1484,33,1/NOV/2020,470
1485,34,1/NOV/2020,434
1486,35,1/NOV/2020,423
1487,36,1/NOV/2020,541
1488,37,1/NOV/2020,486
1489,38,1/NOV/2020,444
1490,39,1/NOV/2020,533
1491,40,1/NOV/2020,509
1492,41,1/NOV/2020,437
1493,42,1/NOV/2020,467
1494,43,1/NOV/2020,556
1495,44,1/NOV/2020,495
1496,45,1/NOV/2020,453
1497,46,1/NOV/2020,442
1498,47,1/NOV/2020,556
1499,48,1/NOV/2020,529
1500,49,1/NOV/2020,525
1501,50,1/NOV/2020,544
1502,51,1/NOV/2020,486
1503,52,1/NOV/2020,467
1504,53,1/NOV/2020,415
1505,54,1/NOV/2020,529
1506,55,1/NOV/2020,524
1507,56,1/NOV/2020,515
1508,57,1/NOV/2020,576
1509,58,1/NOV/2020,590
1510,59,1/NOV/2020,539
1511,60,1/NOV/2020,459
1512,61,1/NOV/2020,571
1513,62,1/NOV/2020,580
1514,63,1/NOV/2020,500
1515,64,1/NOV/2020,433
1516,65,1/NOV/2020,484
1517,66,1/NOV/2020,525
1518,1,1/DEZ/2020,442
1519,2,1/DEZ/2020,590
1520,3,1/DEZ/2020,591
1521,4,1/DEZ/2020,434
1522,5,1/DEZ/2020,553
1523,6,1/DEZ/2020,486
1524,7,1/DEZ/2020,458
1525,8,1/DEZ/2020,465
1526,9,1/DEZ/2020,533
1527,10,1/DEZ/2020,508
1528,11,1/DEZ/2020,418
1529,12,1/DEZ/2020,404
1530,13,1/DEZ/2020,505
1531,14,1/DEZ/2020,591
1532,15,1/DEZ/2020,449
1533,16,1/DEZ/2020,456
1534,17,1/DEZ/2020,410
1535,18,1/DEZ/2020,426
1536,19,1/DEZ/2020,433
1537,20,1/DEZ/2020,481
1538,21,1/DEZ/2020,583
1539,22,1/DEZ/2020,460
1540,23,1/DEZ/2020,544
1541,24,1/DEZ/2020,455
1542,25,1/DEZ/2020,559
1543,26,1/DEZ/2020,559
1544,27,1/DEZ/2020,600
1545,28,1/DEZ/2020,442
1546,29,1/DEZ/2020,543
1547,30,1/DEZ/2020,446
1548,31,1/DEZ/2020,461
1549,32,1/DEZ/2020,559
1550,33,1/DEZ/2020,426
1551,34,1/DEZ/2020,453
1552,35,1/DEZ/2020,514
1553,36,1/DEZ/2020,526
1554,37,1/DEZ/2020,505
1555,38,1/DEZ/2020,535
1556,39,1/DEZ/2020,526
1557,40,1/DEZ/2020,529
1558,41,1/DEZ/2020,549
1559,42,1/DEZ/2020,584
1560,43,1/DEZ/2020,521
1561,44,1/DEZ/2020,537
1562,45,1/DEZ/2020,534
1563,46,1/DEZ/2020,402
1564,47,1/DEZ/2020,440
1565,48,1/DEZ/2020,450
1566,49,1/DEZ/2020,558
1567,50,1/DEZ/2020,553
1568,51,1/DEZ/2020,585
1569,52,1/DEZ/2020,477
1570,53,1/DEZ/2020,556
1571,54,1/DEZ/2020,516
1572,55,1/DEZ/2020,487
1573,56,1/DEZ/2020,596
1574,57,1/DEZ/2020,490
1575,58,1/DEZ/2020,446
1576,59,1/DEZ/2020,536
1577,60,1/DEZ/2020,557
1578,61,1/DEZ/2020,535
1579,62,1/DEZ/2020,598
1580,63,1/DEZ/2020,518
1581,64,1/DEZ/2020,513
1582,65,1/DEZ/2020,584
1583,66,1/DEZ/2020,459
1584,1,1/JAN/2021,534
1585,2,1/JAN/2021,633
1586,3,1/JAN/2021,555
1587,4,1/JAN/2021,638
1588,5,1/JAN/2021,517
1589,6,1/JAN/2021,560
1590,7,1/JAN/2021,535
1591,8,1/JAN/2021,528
1592,9,1/JAN/2021,605
1593,10,1/JAN/2021,588
1594,11,1/JAN/2021,520
1595,12,1/JAN/2021,621
1596,13,1/JAN/2021,526
1597,14,1/JAN/2021,551
1598,15,1/JAN/2021,537
1599,16,1/JAN/2021,576
1600,17,1/JAN/2021,503
1601,18,1/JAN/2021,593
1602,19,1/JAN/2021,508
1603,20,1/JAN/2021,631
1604,21,1/JAN/2021,603
1605,22,1/JAN/2021,597
1606,23,1/JAN/2021,585
1607,24,1/JAN/2021,514
1608,25,1/JAN/2021,548
1609,26,1/JAN/2021,647
1610,27,1/JAN/2021,597
1611,28,1/JAN/2021,604
1612,29,1/JAN/2021,602
1613,30,1/JAN/2021,567
1614,31,1/JAN/2021,500
1615,32,1/JAN/2021,579
1616,33,1/JAN/2021,614
1617,34,1/JAN/2021,563
1618,35,1/JAN/2021,598
1619,36,1/JAN/2021,501
1620,37,1/JAN/2021,544
1621,38,1/JAN/2021,589
1622,39,1/JAN/2021,529
1623,40,1/JAN/2021,519
1624,41,1/JAN/2021,621
1625,42,1/JAN/2021,649
1626,43,1/JAN/2021,599
1627,44,1/JAN/2021,542
1628,45,1/JAN/2021,545
1629,46,1/JAN/2021,504
1630,47,1/JAN/2021,500
1631,48,1/JAN/2021,518
1632,49,1/JAN/2021,634
1633,50,1/JAN/2021,583
1634,51,1/JAN/2021,556
1635,52,1/JAN/2021,550
1636,53,1/JAN/2021,584
1637,54,1/JAN/2021,524
1638,55,1/JAN/2021,591
1639,56,1/JAN/2021,540
1640,57,1/JAN/2021,648
1641,58,1/JAN/2021,511
1642,59,1/JAN/2021,617
1643,60,1/JAN/2021,572
1644,61,1/JAN/2021,556
1645,62,1/JAN/2021,561
1646,63,1/JAN/2021,618
1647,64,1/JAN/2021,514
1648,65,1/JAN/2021,503
1649,66,1/JAN/2021,640
1650,1,1/FEV/2021,642
1651,2,1/FEV/2021,621
1652,3,1/FEV/2021,614
1653,4,1/FEV/2021,545
1654,5,1/FEV/2021,578
1655,6,1/FEV/2021,584
1656,7,1/FEV/2021,507
1657,8,1/FEV/2021,535
1658,9,1/FEV/2021,587
1659,10,1/FEV/2021,643
1660,11,1/FEV/2021,593
1661,12,1/FEV/2021,615
1662,13,1/FEV/2021,566
1663,14,1/FEV/2021,602
1664,15,1/FEV/2021,537
1665,16,1/FEV/2021,513
1666,17,1/FEV/2021,642
1667,18,1/FEV/2021,544
1668,19,1/FEV/2021,509
1669,20,1/FEV/2021,600
1670,21,1/FEV/2021,648
1671,22,1/FEV/2021,523
1672,23,1/FEV/2021,590
1673,24,1/FEV/2021,599
1674,25,1/FEV/2021,616
1675,26,1/FEV/2021,633
1676,27,1/FEV/2021,604
1677,28,1/FEV/2021,628
1678,29,1/FEV/2021,505
1679,30,1/FEV/2021,573
1680,31,1/FEV/2021,551
1681,32,1/FEV/2021,626
1682,33,1/FEV/2021,595
1683,34,1/FEV/2021,620
1684,35,1/FEV/2021,555
1685,36,1/FEV/2021,519
1686,37,1/FEV/2021,503
1687,38,1/FEV/2021,623
1688,39,1/FEV/2021,592
1689,40,1/FEV/2021,513
1690,41,1/FEV/2021,545
1691,42,1/FEV/2021,522
1692,43,1/FEV/2021,532
1693,44,1/FEV/2021,558
1694,45,1/FEV/2021,523
1695,46,1/FEV/2021,628
1696,47,1/FEV/2021,600
1697,48,1/FEV/2021,526
1698,49,1/FEV/2021,579
1699,50,1/FEV/2021,546
1700,51,1/FEV/2021,603
1701,52,1/FEV/2021,525
1702,53,1/FEV/2021,571
1703,54,1/FEV/2021,501
1704,55,1/FEV/2021,601
1705,56,1/FEV/2021,522
1706,57,1/FEV/2021,569
1707,58,1/FEV/2021,610
1708,59,1/FEV/2021,570
1709,60,1/FEV/2021,598
1710,61,1/FEV/2021,637
1711,62,1/FEV/2021,574
1712,63,1/FEV/2021,547
1713,64,1/FEV/2021,523
1714,65,1/FEV/2021,615
1715,66,1/FEV/2021,584
1716,1,1/MAR/2021,603
1717,2,1/MAR/2021,595
1718,3,1/MAR/2021,535
1719,4,1/MAR/2021,594
1720,5,1/MAR/2021,528
1721,6,1/MAR/2021,543
1722,7,1/MAR/2021,526
1723,8,1/MAR/2021,610
1724,9,1/MAR/2021,597
1725,10,1/MAR/2021,593
1726,11,1/MAR/2021,628
1727,12,1/MAR/2021,614
1728,13,1/MAR/2021,635
1729,14,1/MAR/2021,587
1730,15,1/MAR/2021,543
1731,16,1/MAR/2021,596
1732,17,1/MAR/2021,620
1733,18,1/MAR/2021,619
1734,19,1/MAR/2021,570
1735,20,1/MAR/2021,597
1736,21,1/MAR/2021,551
1737,22,1/MAR/2021,620
1738,23,1/MAR/2021,531
1739,24,1/MAR/2021,512
1740,25,1/MAR/2021,516
1741,26,1/MAR/2021,560
1742,27,1/MAR/2021,512
1743,28,1/MAR/2021,526
1744,29,1/MAR/2021,647
1745,30,1/MAR/2021,569
1746,31,1/MAR/2021,555
1747,32,1/MAR/2021,526
1748,33,1/MAR/2021,505
1749,34,1/MAR/2021,573
1750,35,1/MAR/2021,527
1751,36,1/MAR/2021,527
1752,37,1/MAR/2021,555
1753,38,1/MAR/2021,533
1754,39,1/MAR/2021,571
1755,40,1/MAR/2021,576
1756,41,1/MAR/2021,502
1757,42,1/MAR/2021,549
1758,43,1/MAR/2021,647
1759,44,1/MAR/2021,532
1760,45,1/MAR/2021,634
1761,46,1/MAR/2021,604
1762,47,1/MAR/2021,550
1763,48,1/MAR/2021,650
1764,49,1/MAR/2021,609
1765,50,1/MAR/2021,522
1766,51,1/MAR/2021,584
1767,52,1/MAR/2021,568
1768,53,1/MAR/2021,522
1769,54,1/MAR/2021,589
1770,55,1/MAR/2021,612
1771,56,1/MAR/2021,512
1772,57,1/MAR/2021,638
1773,58,1/MAR/2021,646
1774,59,1/MAR/2021,629
1775,60,1/MAR/2021,515
1776,61,1/MAR/2021,620
1777,62,1/MAR/2021,597
1778,63,1/MAR/2021,520
1779,64,1/MAR/2021,545
1780,65,1/MAR/2021,621
1781,66,1/MAR/2021,609
